source,target,status,preserve_query_string
https://lenafilatova.co.uk/recipes/cherry-cheesecake/,https://lenafilatova.co.uk/recipes/strawberry-cheesecake/,301,false
https://lenafilatova.co.uk/ua/recipes/cherry-cheesecake/,https://lenafilatova.co.uk/ua/recipes/strawberry-cheesecake/,301,false
https://lenafilatova.co.uk/recipes/chickpea-olive-avocado-salad/,https://lenafilatova.co.uk/recipes/pear-courgette-salad/,301,false
https://lenafilatova.co.uk/ua/recipes/chickpea-olive-avocado-salad/,https://lenafilatova.co.uk/ua/recipes/pear-courgette-salad/,301,false
https://lenafilatova.co.uk/recipes/strawberry-bites/,https://lenafilatova.co.uk/recipes/dried-fruit-sweets/,301,false
https://lenafilatova.co.uk/ua/recipes/strawberry-bites/,https://lenafilatova.co.uk/ua/recipes/dried-fruit-sweets/,301,false
https://lenafilatova.co.uk/recipes/peanut-cookies-nobake/,https://lenafilatova.co.uk/recipes/almond-pecan-cookies/,301,false
https://lenafilatova.co.uk/ua/recipes/peanut-cookies-nobake/,https://lenafilatova.co.uk/ua/recipes/almond-pecan-cookies/,301,false
https://lenafilatova.co.uk/recipes/banana-ice-cream-pecan/,https://lenafilatova.co.uk/recipes/chocolate-ice-cream/,301,false
https://lenafilatova.co.uk/ua/recipes/banana-ice-cream-pecan/,https://lenafilatova.co.uk/ua/recipes/chocolate-ice-cream/,301,false
https://lenafilatova.co.uk/recipes/raw-brownies/,https://lenafilatova.co.uk/recipes/chocolate-brownie-matcha-cream/,301,false
https://lenafilatova.co.uk/ua/recipes/raw-brownies/,https://lenafilatova.co.uk/ua/recipes/chocolate-brownie-matcha-cream/,301,false
https://lenafilatova.co.uk/recipes/raw-chocolate-mousse/,https://lenafilatova.co.uk/recipes/chocolate-mousse-ice-cream/,301,false
https://lenafilatova.co.uk/ua/recipes/raw-chocolate-mousse/,https://lenafilatova.co.uk/ua/recipes/chocolate-mousse-ice-cream/,301,false
https://lenafilatova.co.uk/recipes/carrot-crisps-honey-yogurt/,https://lenafilatova.co.uk/recipes/beetroot-crisps-rosemary/,301,false
https://lenafilatova.co.uk/ua/recipes/carrot-crisps-honey-yogurt/,https://lenafilatova.co.uk/ua/recipes/beetroot-crisps-rosemary/,301,false
https://lenafilatova.co.uk/recipes/pineapple-chips/,https://lenafilatova.co.uk/recipes/beetroot-crisps-rosemary/,301,false
https://lenafilatova.co.uk/ua/recipes/pineapple-chips/,https://lenafilatova.co.uk/ua/recipes/beetroot-crisps-rosemary/,301,false
https://lenafilatova.co.uk/recipes/spiced-apple-chips/,https://lenafilatova.co.uk/recipes/beetroot-crisps-rosemary/,301,false
https://lenafilatova.co.uk/ua/recipes/spiced-apple-chips/,https://lenafilatova.co.uk/ua/recipes/beetroot-crisps-rosemary/,301,false
https://lenafilatova.co.uk/recipes/tomato-chips/,https://lenafilatova.co.uk/recipes/beetroot-crisps-rosemary/,301,false
https://lenafilatova.co.uk/ua/recipes/tomato-chips/,https://lenafilatova.co.uk/ua/recipes/beetroot-crisps-rosemary/,301,false
https://lenafilatova.co.uk/recipes/banana-chips/,https://lenafilatova.co.uk/recipes/beetroot-crisps-rosemary/,301,false
https://lenafilatova.co.uk/ua/recipes/banana-chips/,https://lenafilatova.co.uk/ua/recipes/beetroot-crisps-rosemary/,301,false
https://lenafilatova.co.uk/recipes/orange-chocolate-truffles/,https://lenafilatova.co.uk/recipes/carob-chocolates/,301,false
https://lenafilatova.co.uk/ua/recipes/orange-chocolate-truffles/,https://lenafilatova.co.uk/ua/recipes/carob-chocolates/,301,false
https://lenafilatova.co.uk/recipes/nut-quinoa-pancakes/,https://lenafilatova.co.uk/recipes/oat-pancakes-plums/,301,false
https://lenafilatova.co.uk/ua/recipes/nut-quinoa-pancakes/,https://lenafilatova.co.uk/ua/recipes/oat-pancakes-plums/,301,false
https://lenafilatova.co.uk/recipes/chewy-gummies/,https://lenafilatova.co.uk/recipes/dried-fruit-sweets/,301,false
https://lenafilatova.co.uk/ua/recipes/chewy-gummies/,https://lenafilatova.co.uk/ua/recipes/dried-fruit-sweets/,301,false
https://lenafilatova.co.uk/recipes/chocolate-coconut-nests/,https://lenafilatova.co.uk/recipes/carob-chocolates/,301,false
https://lenafilatova.co.uk/ua/recipes/chocolate-coconut-nests/,https://lenafilatova.co.uk/ua/recipes/carob-chocolates/,301,false
https://lenafilatova.co.uk/recipes/caramel-apples/,https://lenafilatova.co.uk/recipes/apple-pudding-sugar-free/,301,false
https://lenafilatova.co.uk/ua/recipes/caramel-apples/,https://lenafilatova.co.uk/ua/recipes/apple-pudding-sugar-free/,301,false
https://lenafilatova.co.uk/recipes/marshmallow-zefir/,https://lenafilatova.co.uk/recipes/dried-fruit-sweets/,301,false
https://lenafilatova.co.uk/ua/recipes/marshmallow-zefir/,https://lenafilatova.co.uk/ua/recipes/dried-fruit-sweets/,301,false
https://lenafilatova.co.uk/recipes/lemon-coconut-balls/,https://lenafilatova.co.uk/recipes/dried-fruit-sweets/,301,false
https://lenafilatova.co.uk/ua/recipes/lemon-coconut-balls/,https://lenafilatova.co.uk/ua/recipes/dried-fruit-sweets/,301,false
https://lenafilatova.co.uk/recipes/strawberry-cream-cheesecake/,https://lenafilatova.co.uk/recipes/strawberry-cheesecake/,301,false
https://lenafilatova.co.uk/ua/recipes/strawberry-cream-cheesecake/,https://lenafilatova.co.uk/ua/recipes/strawberry-cheesecake/,301,false
https://lenafilatova.co.uk/recipes/strawberry-banana-bake/,https://lenafilatova.co.uk/recipes/strawberry-breakfast-glass/,301,false
https://lenafilatova.co.uk/ua/recipes/strawberry-banana-bake/,https://lenafilatova.co.uk/ua/recipes/strawberry-breakfast-glass/,301,false
https://lenafilatova.co.uk/recipes/coconut-chia-pudding-raspberry/,https://lenafilatova.co.uk/recipes/strawberry-breakfast-glass/,301,false
https://lenafilatova.co.uk/ua/recipes/coconut-chia-pudding-raspberry/,https://lenafilatova.co.uk/ua/recipes/strawberry-breakfast-glass/,301,false
https://lenafilatova.co.uk/recipes/maple-pumpkin-butter/,https://lenafilatova.co.uk/recipes/blueberry-jam/,301,false
https://lenafilatova.co.uk/ua/recipes/maple-pumpkin-butter/,https://lenafilatova.co.uk/ua/recipes/blueberry-jam/,301,false
https://lenafilatova.co.uk/recipes/pumpkin-hummus/,https://lenafilatova.co.uk/recipes/beetroot-crisps-rosemary/,301,false
https://lenafilatova.co.uk/ua/recipes/pumpkin-hummus/,https://lenafilatova.co.uk/ua/recipes/beetroot-crisps-rosemary/,301,false
https://lenafilatova.co.uk/recipes/pumpkin-ice-cream/,https://lenafilatova.co.uk/recipes/pumpkin-panna-cotta/,301,false
https://lenafilatova.co.uk/ua/recipes/pumpkin-ice-cream/,https://lenafilatova.co.uk/ua/recipes/pumpkin-panna-cotta/,301,false
https://lenafilatova.co.uk/recipes/pumpkin-yogurt/,https://lenafilatova.co.uk/recipes/pumpkin-oat-pancakes-chocolate/,301,false
https://lenafilatova.co.uk/ua/recipes/pumpkin-yogurt/,https://lenafilatova.co.uk/ua/recipes/pumpkin-oat-pancakes-chocolate/,301,false
https://lenafilatova.co.uk/recipes/pumpkin-puree/,https://lenafilatova.co.uk/recipes/pumpkin-bread/,301,false
https://lenafilatova.co.uk/ua/recipes/pumpkin-puree/,https://lenafilatova.co.uk/ua/recipes/pumpkin-bread/,301,false
https://lenafilatova.co.uk/recipes/granola-bars-blueberry/,https://lenafilatova.co.uk/recipes/dried-fruit-sweets/,301,false
https://lenafilatova.co.uk/ua/recipes/granola-bars-blueberry/,https://lenafilatova.co.uk/ua/recipes/dried-fruit-sweets/,301,false
https://lenafilatova.co.uk/recipes/granola-bars-date-coconut/,https://lenafilatova.co.uk/recipes/dried-fruit-sweets/,301,false
https://lenafilatova.co.uk/ua/recipes/granola-bars-date-coconut/,https://lenafilatova.co.uk/ua/recipes/dried-fruit-sweets/,301,false
https://lenafilatova.co.uk/recipes/granola-bars-5-ingredient/,https://lenafilatova.co.uk/recipes/dried-fruit-sweets/,301,false
https://lenafilatova.co.uk/ua/recipes/granola-bars-5-ingredient/,https://lenafilatova.co.uk/ua/recipes/dried-fruit-sweets/,301,false
https://lenafilatova.co.uk/recipes/granola-bars-chocolate-chia/,https://lenafilatova.co.uk/recipes/dried-fruit-sweets/,301,false
https://lenafilatova.co.uk/ua/recipes/granola-bars-chocolate-chia/,https://lenafilatova.co.uk/ua/recipes/dried-fruit-sweets/,301,false
https://lenafilatova.co.uk/recipes/granola-bars-homemade/,https://lenafilatova.co.uk/recipes/dried-fruit-sweets/,301,false
https://lenafilatova.co.uk/ua/recipes/granola-bars-homemade/,https://lenafilatova.co.uk/ua/recipes/dried-fruit-sweets/,301,false
https://lenafilatova.co.uk/recipes/granola-bars-peanut-butter/,https://lenafilatova.co.uk/recipes/dried-fruit-sweets/,301,false
https://lenafilatova.co.uk/ua/recipes/granola-bars-peanut-butter/,https://lenafilatova.co.uk/ua/recipes/dried-fruit-sweets/,301,false
https://lenafilatova.co.uk/recipes/ginger-cookies-almond-flour/,https://lenafilatova.co.uk/recipes/gingerbread-cookies/,301,false
https://lenafilatova.co.uk/ua/recipes/ginger-cookies-almond-flour/,https://lenafilatova.co.uk/ua/recipes/gingerbread-cookies/,301,false
https://lenafilatova.co.uk/recipes/coconut-balls/,https://lenafilatova.co.uk/recipes/dried-fruit-sweets/,301,false
https://lenafilatova.co.uk/ua/recipes/coconut-balls/,https://lenafilatova.co.uk/ua/recipes/dried-fruit-sweets/,301,false
https://lenafilatova.co.uk/recipes/spiced-raisin-cookies/,https://lenafilatova.co.uk/recipes/oat-cookies-coconut-sugar/,301,false
https://lenafilatova.co.uk/ua/recipes/spiced-raisin-cookies/,https://lenafilatova.co.uk/ua/recipes/oat-cookies-coconut-sugar/,301,false
https://lenafilatova.co.uk/recipes/almond-cranberry-cookies/,https://lenafilatova.co.uk/recipes/almond-pecan-cookies/,301,false
https://lenafilatova.co.uk/ua/recipes/almond-cranberry-cookies/,https://lenafilatova.co.uk/ua/recipes/almond-pecan-cookies/,301,false
https://lenafilatova.co.uk/recipes/tiramisu-cookies/,https://lenafilatova.co.uk/recipes/coffee-chocolate-cheesecake/,301,false
https://lenafilatova.co.uk/ua/recipes/tiramisu-cookies/,https://lenafilatova.co.uk/ua/recipes/coffee-chocolate-cheesecake/,301,false
https://lenafilatova.co.uk/recipes/carrot-muffins/,https://lenafilatova.co.uk/recipes/pumpkin-muffins-halloween/,301,false
https://lenafilatova.co.uk/ua/recipes/carrot-muffins/,https://lenafilatova.co.uk/ua/recipes/pumpkin-muffins-halloween/,301,false
https://lenafilatova.co.uk/recipes/valentine-love-salad/,https://lenafilatova.co.uk/recipes/pear-courgette-salad/,301,false
https://lenafilatova.co.uk/ua/recipes/valentine-love-salad/,https://lenafilatova.co.uk/ua/recipes/pear-courgette-salad/,301,false
https://lenafilatova.co.uk/recipes/shrimp-heart-appetizer/,https://lenafilatova.co.uk/recipes/baked-fish-veg-herbs/,301,false
https://lenafilatova.co.uk/ua/recipes/shrimp-heart-appetizer/,https://lenafilatova.co.uk/ua/recipes/baked-fish-veg-herbs/,301,false
https://lenafilatova.co.uk/recipes/caprese-valentine-salad/,https://lenafilatova.co.uk/recipes/pear-courgette-salad/,301,false
https://lenafilatova.co.uk/ua/recipes/caprese-valentine-salad/,https://lenafilatova.co.uk/ua/recipes/pear-courgette-salad/,301,false
https://lenafilatova.co.uk/recipes/valentine-heart-cookies/,https://lenafilatova.co.uk/recipes/beetroot-heart-cakes/,301,false
https://lenafilatova.co.uk/ua/recipes/valentine-heart-cookies/,https://lenafilatova.co.uk/ua/recipes/beetroot-heart-cakes/,301,false
https://lenafilatova.co.uk/recipes/frozen-strawberry-yogurt/,https://lenafilatova.co.uk/recipes/fruit-popsicles/,301,false
https://lenafilatova.co.uk/ua/recipes/frozen-strawberry-yogurt/,https://lenafilatova.co.uk/ua/recipes/fruit-popsicles/,301,false
https://lenafilatova.co.uk/recipes/chocolate-avocado-pudding/,https://lenafilatova.co.uk/recipes/chocolate-ginger-cake-avocado-cream/,301,false
https://lenafilatova.co.uk/ua/recipes/chocolate-avocado-pudding/,https://lenafilatova.co.uk/ua/recipes/chocolate-ginger-cake-avocado-cream/,301,false
https://lenafilatova.co.uk/recipes/beef-balsamic-tomatoes/,https://lenafilatova.co.uk/recipes/beef-skewers-wine-sauce/,301,false
https://lenafilatova.co.uk/ua/recipes/beef-balsamic-tomatoes/,https://lenafilatova.co.uk/ua/recipes/beef-skewers-wine-sauce/,301,false
https://lenafilatova.co.uk/recipes/garlic-lemon-shrimp/,https://lenafilatova.co.uk/recipes/baked-fish-veg-herbs/,301,false
https://lenafilatova.co.uk/ua/recipes/garlic-lemon-shrimp/,https://lenafilatova.co.uk/ua/recipes/baked-fish-veg-herbs/,301,false
https://lenafilatova.co.uk/recipes/salmon-asparagus-foil/,https://lenafilatova.co.uk/recipes/zucchini-spaghetti-salmon/,301,false
https://lenafilatova.co.uk/ua/recipes/salmon-asparagus-foil/,https://lenafilatova.co.uk/ua/recipes/zucchini-spaghetti-salmon/,301,false
https://lenafilatova.co.uk/recipes/turmeric-latte/,https://lenafilatova.co.uk/recipes/matcha-latte/,301,false
https://lenafilatova.co.uk/ua/recipes/turmeric-latte/,https://lenafilatova.co.uk/ua/recipes/matcha-latte/,301,false
https://lenafilatova.co.uk/recipes/masala-chai-latte/,https://lenafilatova.co.uk/recipes/matcha-latte/,301,false
https://lenafilatova.co.uk/ua/recipes/masala-chai-latte/,https://lenafilatova.co.uk/ua/recipes/matcha-latte/,301,false
https://lenafilatova.co.uk/recipes/yerba-mate/,https://lenafilatova.co.uk/recipes/matcha-latte/,301,false
https://lenafilatova.co.uk/ua/recipes/yerba-mate/,https://lenafilatova.co.uk/ua/recipes/matcha-latte/,301,false
https://lenafilatova.co.uk/recipes/london-fog/,https://lenafilatova.co.uk/recipes/matcha-latte/,301,false
https://lenafilatova.co.uk/ua/recipes/london-fog/,https://lenafilatova.co.uk/ua/recipes/matcha-latte/,301,false
https://lenafilatova.co.uk/recipes/ginger-milk-cocktail/,https://lenafilatova.co.uk/recipes/matcha-latte/,301,false
https://lenafilatova.co.uk/ua/recipes/ginger-milk-cocktail/,https://lenafilatova.co.uk/ua/recipes/matcha-latte/,301,false
https://lenafilatova.co.uk/recipes/cacao-latte/,https://lenafilatova.co.uk/recipes/matcha-latte/,301,false
https://lenafilatova.co.uk/ua/recipes/cacao-latte/,https://lenafilatova.co.uk/ua/recipes/matcha-latte/,301,false
https://lenafilatova.co.uk/recipes/smoothie-popsicles-chia/,https://lenafilatova.co.uk/recipes/fruit-popsicles/,301,false
https://lenafilatova.co.uk/ua/recipes/smoothie-popsicles-chia/,https://lenafilatova.co.uk/ua/recipes/fruit-popsicles/,301,false
https://lenafilatova.co.uk/recipes/lime-cheesecake/,https://lenafilatova.co.uk/recipes/lime-almond-dessert/,301,false
https://lenafilatova.co.uk/ua/recipes/lime-cheesecake/,https://lenafilatova.co.uk/ua/recipes/lime-almond-dessert/,301,false
https://lenafilatova.co.uk/recipes/fig-tart/,https://lenafilatova.co.uk/recipes/strawberry-white-chocolate-tartlets/,301,false
https://lenafilatova.co.uk/ua/recipes/fig-tart/,https://lenafilatova.co.uk/ua/recipes/strawberry-white-chocolate-tartlets/,301,false
https://lenafilatova.co.uk/recipes/avocado-coconut-ice-cream/,https://lenafilatova.co.uk/recipes/avocado-ice-cream/,301,false
https://lenafilatova.co.uk/ua/recipes/avocado-coconut-ice-cream/,https://lenafilatova.co.uk/ua/recipes/avocado-ice-cream/,301,false
https://lenafilatova.co.uk/recipes/pineapple-citrus-sorbet/,https://lenafilatova.co.uk/recipes/blackberry-sorbet/,301,false
https://lenafilatova.co.uk/ua/recipes/pineapple-citrus-sorbet/,https://lenafilatova.co.uk/ua/recipes/blackberry-sorbet/,301,false
https://lenafilatova.co.uk/recipes/yogurt-chia-pudding/,https://lenafilatova.co.uk/recipes/strawberry-breakfast-glass/,301,false
https://lenafilatova.co.uk/ua/recipes/yogurt-chia-pudding/,https://lenafilatova.co.uk/ua/recipes/strawberry-breakfast-glass/,301,false
https://lenafilatova.co.uk/recipes/shrimp-tartlets/,https://lenafilatova.co.uk/recipes/mushroom-potato-tartlets/,301,false
https://lenafilatova.co.uk/ua/recipes/shrimp-tartlets/,https://lenafilatova.co.uk/ua/recipes/mushroom-potato-tartlets/,301,false
https://lenafilatova.co.uk/recipes/fish-stew-wine-veg/,https://lenafilatova.co.uk/recipes/baked-fish-veg-herbs/,301,false
https://lenafilatova.co.uk/ua/recipes/fish-stew-wine-veg/,https://lenafilatova.co.uk/ua/recipes/baked-fish-veg-herbs/,301,false
https://lenafilatova.co.uk/recipes/cabbage-cranberry-salad/,https://lenafilatova.co.uk/recipes/pear-courgette-salad/,301,false
https://lenafilatova.co.uk/ua/recipes/cabbage-cranberry-salad/,https://lenafilatova.co.uk/ua/recipes/pear-courgette-salad/,301,false
https://lenafilatova.co.uk/recipes/salmon-tartlets/,https://lenafilatova.co.uk/recipes/mushroom-potato-tartlets/,301,false
https://lenafilatova.co.uk/ua/recipes/salmon-tartlets/,https://lenafilatova.co.uk/ua/recipes/mushroom-potato-tartlets/,301,false
https://lenafilatova.co.uk/aid-comparison.html,https://lenafilatova.co.uk/aid-comparison/,301,false
https://lenafilatova.co.uk/aid-comparison-ua.html,https://lenafilatova.co.uk/aid-comparison-ua/,301,false
https://lenafilatova.co.uk/cgm-comparison.html,https://lenafilatova.co.uk/cgm-comparison/,301,false
https://lenafilatova.co.uk/cgm-comparison-ua.html,https://lenafilatova.co.uk/cgm-comparison-ua/,301,false
https://lenafilatova.co.uk/carb-gi-table.html,https://lenafilatova.co.uk/carb-gi-table/,301,false
https://lenafilatova.co.uk/carb-gi-table-ua.html,https://lenafilatova.co.uk/carb-gi-table-ua/,301,false
https://lenafilatova.co.uk/blood-sugar-investigator.html,https://lenafilatova.co.uk/blood-sugar-investigator/,301,false
https://lenafilatova.co.uk/blood-sugar-investigator-ua.html,https://lenafilatova.co.uk/blood-sugar-investigator-ua/,301,false
https://lenafilatova.co.uk/t1d-cure-trials.html,https://lenafilatova.co.uk/t1d-cure-trials/,301,false
https://lenafilatova.co.uk/t1d-cure-trials-ua.html,https://lenafilatova.co.uk/t1d-cure-trials-ua/,301,false
https://lenafilatova.co.uk/recipes/recipe.html?r=beef-skewers-wine-sauce&lang=ua,https://lenafilatova.co.uk/ua/recipes/beef-skewers-wine-sauce/,301,false
https://lenafilatova.co.uk/recipes/recipe.html?r=beef-skewers-wine-sauce,https://lenafilatova.co.uk/recipes/beef-skewers-wine-sauce/,301,false
https://lenafilatova.co.uk/recipes/recipe.html?r=lemon-thyme-cookies&lang=ua,https://lenafilatova.co.uk/ua/recipes/lemon-thyme-cookies/,301,false
https://lenafilatova.co.uk/recipes/recipe.html?r=lemon-thyme-cookies,https://lenafilatova.co.uk/recipes/lemon-thyme-cookies/,301,false
https://lenafilatova.co.uk/recipes/recipe.html?r=cottage-cheese-poppy-bake&lang=ua,https://lenafilatova.co.uk/ua/recipes/cottage-cheese-poppy-bake/,301,false
https://lenafilatova.co.uk/recipes/recipe.html?r=cottage-cheese-poppy-bake,https://lenafilatova.co.uk/recipes/cottage-cheese-poppy-bake/,301,false
https://lenafilatova.co.uk/recipes/recipe.html?r=avocado-ice-cream&lang=ua,https://lenafilatova.co.uk/ua/recipes/avocado-ice-cream/,301,false
https://lenafilatova.co.uk/recipes/recipe.html?r=avocado-ice-cream,https://lenafilatova.co.uk/recipes/avocado-ice-cream/,301,false
https://lenafilatova.co.uk/recipes/recipe.html?r=almond-pecan-cookies&lang=ua,https://lenafilatova.co.uk/ua/recipes/almond-pecan-cookies/,301,false
https://lenafilatova.co.uk/recipes/recipe.html?r=almond-pecan-cookies,https://lenafilatova.co.uk/recipes/almond-pecan-cookies/,301,false
https://lenafilatova.co.uk/recipes/recipe.html?r=carrot-cake-philadelphia&lang=ua,https://lenafilatova.co.uk/ua/recipes/carrot-cake-philadelphia/,301,false
https://lenafilatova.co.uk/recipes/recipe.html?r=carrot-cake-philadelphia,https://lenafilatova.co.uk/recipes/carrot-cake-philadelphia/,301,false
https://lenafilatova.co.uk/recipes/recipe.html?r=wholegrain-bread&lang=ua,https://lenafilatova.co.uk/ua/recipes/wholegrain-bread/,301,false
https://lenafilatova.co.uk/recipes/recipe.html?r=wholegrain-bread,https://lenafilatova.co.uk/recipes/wholegrain-bread/,301,false
https://lenafilatova.co.uk/recipes/recipe.html?r=pearl-barley-kutia&lang=ua,https://lenafilatova.co.uk/ua/recipes/pearl-barley-kutia/,301,false
https://lenafilatova.co.uk/recipes/recipe.html?r=pearl-barley-kutia,https://lenafilatova.co.uk/recipes/pearl-barley-kutia/,301,false
https://lenafilatova.co.uk/recipes/recipe.html?r=pumpkin-muffins-halloween&lang=ua,https://lenafilatova.co.uk/ua/recipes/pumpkin-muffins-halloween/,301,false
https://lenafilatova.co.uk/recipes/recipe.html?r=pumpkin-muffins-halloween,https://lenafilatova.co.uk/recipes/pumpkin-muffins-halloween/,301,false
https://lenafilatova.co.uk/recipes/recipe.html?r=lime-almond-dessert&lang=ua,https://lenafilatova.co.uk/ua/recipes/lime-almond-dessert/,301,false
https://lenafilatova.co.uk/recipes/recipe.html?r=lime-almond-dessert,https://lenafilatova.co.uk/recipes/lime-almond-dessert/,301,false
https://lenafilatova.co.uk/recipes/recipe.html?r=avocado-mayonnaise&lang=ua,https://lenafilatova.co.uk/ua/recipes/avocado-mayonnaise/,301,false
https://lenafilatova.co.uk/recipes/recipe.html?r=avocado-mayonnaise,https://lenafilatova.co.uk/recipes/avocado-mayonnaise/,301,false
https://lenafilatova.co.uk/recipes/recipe.html?r=oat-cookies-coconut-sugar&lang=ua,https://lenafilatova.co.uk/ua/recipes/oat-cookies-coconut-sugar/,301,false
https://lenafilatova.co.uk/recipes/recipe.html?r=oat-cookies-coconut-sugar,https://lenafilatova.co.uk/recipes/oat-cookies-coconut-sugar/,301,false
https://lenafilatova.co.uk/recipes/recipe.html?r=lemon-cookies-coconut-sugar&lang=ua,https://lenafilatova.co.uk/ua/recipes/lemon-cookies-coconut-sugar/,301,false
https://lenafilatova.co.uk/recipes/recipe.html?r=lemon-cookies-coconut-sugar,https://lenafilatova.co.uk/recipes/lemon-cookies-coconut-sugar/,301,false
https://lenafilatova.co.uk/recipes/recipe.html?r=lviv-cheesecake&lang=ua,https://lenafilatova.co.uk/ua/recipes/lviv-cheesecake/,301,false
https://lenafilatova.co.uk/recipes/recipe.html?r=lviv-cheesecake,https://lenafilatova.co.uk/recipes/lviv-cheesecake/,301,false
https://lenafilatova.co.uk/recipes/recipe.html?r=chocolate-ice-cream&lang=ua,https://lenafilatova.co.uk/ua/recipes/chocolate-ice-cream/,301,false
https://lenafilatova.co.uk/recipes/recipe.html?r=chocolate-ice-cream,https://lenafilatova.co.uk/recipes/chocolate-ice-cream/,301,false
https://lenafilatova.co.uk/recipes/recipe.html?r=vegetable-quiche-no-flour&lang=ua,https://lenafilatova.co.uk/ua/recipes/vegetable-quiche-no-flour/,301,false
https://lenafilatova.co.uk/recipes/recipe.html?r=vegetable-quiche-no-flour,https://lenafilatova.co.uk/recipes/vegetable-quiche-no-flour/,301,false
https://lenafilatova.co.uk/recipes/recipe.html?r=baked-fish-veg-herbs&lang=ua,https://lenafilatova.co.uk/ua/recipes/baked-fish-veg-herbs/,301,false
https://lenafilatova.co.uk/recipes/recipe.html?r=baked-fish-veg-herbs,https://lenafilatova.co.uk/recipes/baked-fish-veg-herbs/,301,false
https://lenafilatova.co.uk/recipes/recipe.html?r=carrot-coriander-soup&lang=ua,https://lenafilatova.co.uk/ua/recipes/carrot-coriander-soup/,301,false
https://lenafilatova.co.uk/recipes/recipe.html?r=carrot-coriander-soup,https://lenafilatova.co.uk/recipes/carrot-coriander-soup/,301,false
https://lenafilatova.co.uk/recipes/recipe.html?r=birthday-cake-sugar-free&lang=ua,https://lenafilatova.co.uk/ua/recipes/birthday-cake-sugar-free/,301,false
https://lenafilatova.co.uk/recipes/recipe.html?r=birthday-cake-sugar-free,https://lenafilatova.co.uk/recipes/birthday-cake-sugar-free/,301,false
https://lenafilatova.co.uk/recipes/recipe.html?r=meat-potato-pie-no-flour&lang=ua,https://lenafilatova.co.uk/ua/recipes/meat-potato-pie-no-flour/,301,false
https://lenafilatova.co.uk/recipes/recipe.html?r=meat-potato-pie-no-flour,https://lenafilatova.co.uk/recipes/meat-potato-pie-no-flour/,301,false
https://lenafilatova.co.uk/recipes/recipe.html?r=almond-beetroot-cookies&lang=ua,https://lenafilatova.co.uk/ua/recipes/almond-beetroot-cookies/,301,false
https://lenafilatova.co.uk/recipes/recipe.html?r=almond-beetroot-cookies,https://lenafilatova.co.uk/recipes/almond-beetroot-cookies/,301,false
https://lenafilatova.co.uk/recipes/recipe.html?r=carrot-cake-overnight-oats&lang=ua,https://lenafilatova.co.uk/ua/recipes/carrot-cake-overnight-oats/,301,false
https://lenafilatova.co.uk/recipes/recipe.html?r=carrot-cake-overnight-oats,https://lenafilatova.co.uk/recipes/carrot-cake-overnight-oats/,301,false
https://lenafilatova.co.uk/recipes/recipe.html?r=apple-pudding-sugar-free&lang=ua,https://lenafilatova.co.uk/ua/recipes/apple-pudding-sugar-free/,301,false
https://lenafilatova.co.uk/recipes/recipe.html?r=apple-pudding-sugar-free,https://lenafilatova.co.uk/recipes/apple-pudding-sugar-free/,301,false
https://lenafilatova.co.uk/recipes/recipe.html?r=lemon-slices-sugar-free&lang=ua,https://lenafilatova.co.uk/ua/recipes/lemon-slices-sugar-free/,301,false
https://lenafilatova.co.uk/recipes/recipe.html?r=lemon-slices-sugar-free,https://lenafilatova.co.uk/recipes/lemon-slices-sugar-free/,301,false
https://lenafilatova.co.uk/recipes/recipe.html?r=gingerbread-cookies&lang=ua,https://lenafilatova.co.uk/ua/recipes/gingerbread-cookies/,301,false
https://lenafilatova.co.uk/recipes/recipe.html?r=gingerbread-cookies,https://lenafilatova.co.uk/recipes/gingerbread-cookies/,301,false
https://lenafilatova.co.uk/recipes/recipe.html?r=chocolate-ginger-cake-avocado-cream&lang=ua,https://lenafilatova.co.uk/ua/recipes/chocolate-ginger-cake-avocado-cream/,301,false
https://lenafilatova.co.uk/recipes/recipe.html?r=chocolate-ginger-cake-avocado-cream,https://lenafilatova.co.uk/recipes/chocolate-ginger-cake-avocado-cream/,301,false
https://lenafilatova.co.uk/recipes/recipe.html?r=oat-pancakes-plums&lang=ua,https://lenafilatova.co.uk/ua/recipes/oat-pancakes-plums/,301,false
https://lenafilatova.co.uk/recipes/recipe.html?r=oat-pancakes-plums,https://lenafilatova.co.uk/recipes/oat-pancakes-plums/,301,false
https://lenafilatova.co.uk/recipes/recipe.html?r=meatballs-mandarin-herbs&lang=ua,https://lenafilatova.co.uk/ua/recipes/meatballs-mandarin-herbs/,301,false
https://lenafilatova.co.uk/recipes/recipe.html?r=meatballs-mandarin-herbs,https://lenafilatova.co.uk/recipes/meatballs-mandarin-herbs/,301,false
https://lenafilatova.co.uk/recipes/recipe.html?r=blueberry-curd-tart&lang=ua,https://lenafilatova.co.uk/ua/recipes/blueberry-curd-tart/,301,false
https://lenafilatova.co.uk/recipes/recipe.html?r=blueberry-curd-tart,https://lenafilatova.co.uk/recipes/blueberry-curd-tart/,301,false
https://lenafilatova.co.uk/recipes/recipe.html?r=pumpkin-oat-pancakes-chocolate&lang=ua,https://lenafilatova.co.uk/ua/recipes/pumpkin-oat-pancakes-chocolate/,301,false
https://lenafilatova.co.uk/recipes/recipe.html?r=pumpkin-oat-pancakes-chocolate,https://lenafilatova.co.uk/recipes/pumpkin-oat-pancakes-chocolate/,301,false
https://lenafilatova.co.uk/recipes/recipe.html?r=dried-fruit-sweets&lang=ua,https://lenafilatova.co.uk/ua/recipes/dried-fruit-sweets/,301,false
https://lenafilatova.co.uk/recipes/recipe.html?r=dried-fruit-sweets,https://lenafilatova.co.uk/recipes/dried-fruit-sweets/,301,false
https://lenafilatova.co.uk/recipes/recipe.html?r=rabbit-rosemary&lang=ua,https://lenafilatova.co.uk/ua/recipes/rabbit-rosemary/,301,false
https://lenafilatova.co.uk/recipes/recipe.html?r=rabbit-rosemary,https://lenafilatova.co.uk/recipes/rabbit-rosemary/,301,false
https://lenafilatova.co.uk/recipes/recipe.html?r=pumpkin-panna-cotta&lang=ua,https://lenafilatova.co.uk/ua/recipes/pumpkin-panna-cotta/,301,false
https://lenafilatova.co.uk/recipes/recipe.html?r=pumpkin-panna-cotta,https://lenafilatova.co.uk/recipes/pumpkin-panna-cotta/,301,false
https://lenafilatova.co.uk/recipes/recipe.html?r=pumpkin-bread&lang=ua,https://lenafilatova.co.uk/ua/recipes/pumpkin-bread/,301,false
https://lenafilatova.co.uk/recipes/recipe.html?r=pumpkin-bread,https://lenafilatova.co.uk/recipes/pumpkin-bread/,301,false
https://lenafilatova.co.uk/recipes/recipe.html?r=cherry-chia-cake&lang=ua,https://lenafilatova.co.uk/ua/recipes/cherry-chia-cake/,301,false
https://lenafilatova.co.uk/recipes/recipe.html?r=cherry-chia-cake,https://lenafilatova.co.uk/recipes/cherry-chia-cake/,301,false
https://lenafilatova.co.uk/recipes/recipe.html?r=cranberry-curd-cake&lang=ua,https://lenafilatova.co.uk/ua/recipes/cranberry-curd-cake/,301,false
https://lenafilatova.co.uk/recipes/recipe.html?r=cranberry-curd-cake,https://lenafilatova.co.uk/recipes/cranberry-curd-cake/,301,false
https://lenafilatova.co.uk/recipes/recipe.html?r=buckwheat-cookies&lang=ua,https://lenafilatova.co.uk/ua/recipes/buckwheat-cookies/,301,false
https://lenafilatova.co.uk/recipes/recipe.html?r=buckwheat-cookies,https://lenafilatova.co.uk/recipes/buckwheat-cookies/,301,false
https://lenafilatova.co.uk/recipes/recipe.html?r=mushroom-potato-tartlets&lang=ua,https://lenafilatova.co.uk/ua/recipes/mushroom-potato-tartlets/,301,false
https://lenafilatova.co.uk/recipes/recipe.html?r=mushroom-potato-tartlets,https://lenafilatova.co.uk/recipes/mushroom-potato-tartlets/,301,false
https://lenafilatova.co.uk/recipes/recipe.html?r=summer-berry-pie&lang=ua,https://lenafilatova.co.uk/ua/recipes/summer-berry-pie/,301,false
https://lenafilatova.co.uk/recipes/recipe.html?r=summer-berry-pie,https://lenafilatova.co.uk/recipes/summer-berry-pie/,301,false
https://lenafilatova.co.uk/recipes/recipe.html?r=layered-curd-cake&lang=ua,https://lenafilatova.co.uk/ua/recipes/layered-curd-cake/,301,false
https://lenafilatova.co.uk/recipes/recipe.html?r=layered-curd-cake,https://lenafilatova.co.uk/recipes/layered-curd-cake/,301,false
https://lenafilatova.co.uk/recipes/recipe.html?r=beetroot-crisps-rosemary&lang=ua,https://lenafilatova.co.uk/ua/recipes/beetroot-crisps-rosemary/,301,false
https://lenafilatova.co.uk/recipes/recipe.html?r=beetroot-crisps-rosemary,https://lenafilatova.co.uk/recipes/beetroot-crisps-rosemary/,301,false
https://lenafilatova.co.uk/recipes/recipe.html?r=coffee-chocolate-cheesecake&lang=ua,https://lenafilatova.co.uk/ua/recipes/coffee-chocolate-cheesecake/,301,false
https://lenafilatova.co.uk/recipes/recipe.html?r=coffee-chocolate-cheesecake,https://lenafilatova.co.uk/recipes/coffee-chocolate-cheesecake/,301,false
https://lenafilatova.co.uk/recipes/recipe.html?r=ratatouille-yellow-tomatoes&lang=ua,https://lenafilatova.co.uk/ua/recipes/ratatouille-yellow-tomatoes/,301,false
https://lenafilatova.co.uk/recipes/recipe.html?r=ratatouille-yellow-tomatoes,https://lenafilatova.co.uk/recipes/ratatouille-yellow-tomatoes/,301,false
https://lenafilatova.co.uk/recipes/recipe.html?r=sourdough-bread&lang=ua,https://lenafilatova.co.uk/ua/recipes/sourdough-bread/,301,false
https://lenafilatova.co.uk/recipes/recipe.html?r=sourdough-bread,https://lenafilatova.co.uk/recipes/sourdough-bread/,301,false
https://lenafilatova.co.uk/recipes/recipe.html?r=rhubarb-strawberry-jam&lang=ua,https://lenafilatova.co.uk/ua/recipes/rhubarb-strawberry-jam/,301,false
https://lenafilatova.co.uk/recipes/recipe.html?r=rhubarb-strawberry-jam,https://lenafilatova.co.uk/recipes/rhubarb-strawberry-jam/,301,false
https://lenafilatova.co.uk/recipes/recipe.html?r=chocolate-mousse-ice-cream&lang=ua,https://lenafilatova.co.uk/ua/recipes/chocolate-mousse-ice-cream/,301,false
https://lenafilatova.co.uk/recipes/recipe.html?r=chocolate-mousse-ice-cream,https://lenafilatova.co.uk/recipes/chocolate-mousse-ice-cream/,301,false
https://lenafilatova.co.uk/recipes/recipe.html?r=cornmeal-syrniki&lang=ua,https://lenafilatova.co.uk/ua/recipes/cornmeal-syrniki/,301,false
https://lenafilatova.co.uk/recipes/recipe.html?r=cornmeal-syrniki,https://lenafilatova.co.uk/recipes/cornmeal-syrniki/,301,false
https://lenafilatova.co.uk/recipes/recipe.html?r=mushroom-chickpea-burger&lang=ua,https://lenafilatova.co.uk/ua/recipes/mushroom-chickpea-burger/,301,false
https://lenafilatova.co.uk/recipes/recipe.html?r=mushroom-chickpea-burger,https://lenafilatova.co.uk/recipes/mushroom-chickpea-burger/,301,false
https://lenafilatova.co.uk/recipes/recipe.html?r=strawberry-cheesecake&lang=ua,https://lenafilatova.co.uk/ua/recipes/strawberry-cheesecake/,301,false
https://lenafilatova.co.uk/recipes/recipe.html?r=strawberry-cheesecake,https://lenafilatova.co.uk/recipes/strawberry-cheesecake/,301,false
https://lenafilatova.co.uk/recipes/recipe.html?r=strawberry-basil-cake&lang=ua,https://lenafilatova.co.uk/ua/recipes/strawberry-basil-cake/,301,false
https://lenafilatova.co.uk/recipes/recipe.html?r=strawberry-basil-cake,https://lenafilatova.co.uk/recipes/strawberry-basil-cake/,301,false
https://lenafilatova.co.uk/recipes/recipe.html?r=chocolate-prune-dessert&lang=ua,https://lenafilatova.co.uk/ua/recipes/chocolate-prune-dessert/,301,false
https://lenafilatova.co.uk/recipes/recipe.html?r=chocolate-prune-dessert,https://lenafilatova.co.uk/recipes/chocolate-prune-dessert/,301,false
https://lenafilatova.co.uk/recipes/recipe.html?r=berry-smoothie&lang=ua,https://lenafilatova.co.uk/ua/recipes/berry-smoothie/,301,false
https://lenafilatova.co.uk/recipes/recipe.html?r=berry-smoothie,https://lenafilatova.co.uk/recipes/berry-smoothie/,301,false
https://lenafilatova.co.uk/recipes/recipe.html?r=grapefruit-parsley-smoothie&lang=ua,https://lenafilatova.co.uk/ua/recipes/grapefruit-parsley-smoothie/,301,false
https://lenafilatova.co.uk/recipes/recipe.html?r=grapefruit-parsley-smoothie,https://lenafilatova.co.uk/recipes/grapefruit-parsley-smoothie/,301,false
https://lenafilatova.co.uk/recipes/recipe.html?r=apple-celery-smoothie&lang=ua,https://lenafilatova.co.uk/ua/recipes/apple-celery-smoothie/,301,false
https://lenafilatova.co.uk/recipes/recipe.html?r=apple-celery-smoothie,https://lenafilatova.co.uk/recipes/apple-celery-smoothie/,301,false
https://lenafilatova.co.uk/recipes/recipe.html?r=carrot-smoothie&lang=ua,https://lenafilatova.co.uk/ua/recipes/carrot-smoothie/,301,false
https://lenafilatova.co.uk/recipes/recipe.html?r=carrot-smoothie,https://lenafilatova.co.uk/recipes/carrot-smoothie/,301,false
https://lenafilatova.co.uk/recipes/recipe.html?r=chocolate-nut-smoothie&lang=ua,https://lenafilatova.co.uk/ua/recipes/chocolate-nut-smoothie/,301,false
https://lenafilatova.co.uk/recipes/recipe.html?r=chocolate-nut-smoothie,https://lenafilatova.co.uk/recipes/chocolate-nut-smoothie/,301,false
https://lenafilatova.co.uk/recipes/recipe.html?r=parsley-walnut-smoothie&lang=ua,https://lenafilatova.co.uk/ua/recipes/parsley-walnut-smoothie/,301,false
https://lenafilatova.co.uk/recipes/recipe.html?r=parsley-walnut-smoothie,https://lenafilatova.co.uk/recipes/parsley-walnut-smoothie/,301,false
https://lenafilatova.co.uk/recipes/recipe.html?r=spinach-smoothie&lang=ua,https://lenafilatova.co.uk/ua/recipes/spinach-smoothie/,301,false
https://lenafilatova.co.uk/recipes/recipe.html?r=spinach-smoothie,https://lenafilatova.co.uk/recipes/spinach-smoothie/,301,false
https://lenafilatova.co.uk/recipes/recipe.html?r=easter-kulich-lavender&lang=ua,https://lenafilatova.co.uk/ua/recipes/easter-kulich-lavender/,301,false
https://lenafilatova.co.uk/recipes/recipe.html?r=easter-kulich-lavender,https://lenafilatova.co.uk/recipes/easter-kulich-lavender/,301,false
https://lenafilatova.co.uk/recipes/recipe.html?r=rye-kulich-ginger-anise&lang=ua,https://lenafilatova.co.uk/ua/recipes/rye-kulich-ginger-anise/,301,false
https://lenafilatova.co.uk/recipes/recipe.html?r=rye-kulich-ginger-anise,https://lenafilatova.co.uk/recipes/rye-kulich-ginger-anise/,301,false
https://lenafilatova.co.uk/recipes/recipe.html?r=rhubarb-cherry-leaf-jam&lang=ua,https://lenafilatova.co.uk/ua/recipes/rhubarb-cherry-leaf-jam/,301,false
https://lenafilatova.co.uk/recipes/recipe.html?r=rhubarb-cherry-leaf-jam,https://lenafilatova.co.uk/recipes/rhubarb-cherry-leaf-jam/,301,false
https://lenafilatova.co.uk/recipes/recipe.html?r=rhubarb-orange-jam&lang=ua,https://lenafilatova.co.uk/ua/recipes/rhubarb-orange-jam/,301,false
https://lenafilatova.co.uk/recipes/recipe.html?r=rhubarb-orange-jam,https://lenafilatova.co.uk/recipes/rhubarb-orange-jam/,301,false
https://lenafilatova.co.uk/recipes/recipe.html?r=rhubarb-quick-jam&lang=ua,https://lenafilatova.co.uk/ua/recipes/rhubarb-quick-jam/,301,false
https://lenafilatova.co.uk/recipes/recipe.html?r=rhubarb-quick-jam,https://lenafilatova.co.uk/recipes/rhubarb-quick-jam/,301,false
https://lenafilatova.co.uk/recipes/recipe.html?r=rhubarb-lavender-jam&lang=ua,https://lenafilatova.co.uk/ua/recipes/rhubarb-lavender-jam/,301,false
https://lenafilatova.co.uk/recipes/recipe.html?r=rhubarb-lavender-jam,https://lenafilatova.co.uk/recipes/rhubarb-lavender-jam/,301,false
https://lenafilatova.co.uk/recipes/recipe.html?r=turkey-meatloaf-parsley&lang=ua,https://lenafilatova.co.uk/ua/recipes/turkey-meatloaf-parsley/,301,false
https://lenafilatova.co.uk/recipes/recipe.html?r=turkey-meatloaf-parsley,https://lenafilatova.co.uk/recipes/turkey-meatloaf-parsley/,301,false
https://lenafilatova.co.uk/recipes/recipe.html?r=chocolate-cake-nut-cream&lang=ua,https://lenafilatova.co.uk/ua/recipes/chocolate-cake-nut-cream/,301,false
https://lenafilatova.co.uk/recipes/recipe.html?r=chocolate-cake-nut-cream,https://lenafilatova.co.uk/recipes/chocolate-cake-nut-cream/,301,false
https://lenafilatova.co.uk/recipes/recipe.html?r=broccoli-spinach-cream-soup&lang=ua,https://lenafilatova.co.uk/ua/recipes/broccoli-spinach-cream-soup/,301,false
https://lenafilatova.co.uk/recipes/recipe.html?r=broccoli-spinach-cream-soup,https://lenafilatova.co.uk/recipes/broccoli-spinach-cream-soup/,301,false
https://lenafilatova.co.uk/recipes/recipe.html?r=coconut-cheesecake&lang=ua,https://lenafilatova.co.uk/ua/recipes/coconut-cheesecake/,301,false
https://lenafilatova.co.uk/recipes/recipe.html?r=coconut-cheesecake,https://lenafilatova.co.uk/recipes/coconut-cheesecake/,301,false
https://lenafilatova.co.uk/recipes/recipe.html?r=blueberry-jam&lang=ua,https://lenafilatova.co.uk/ua/recipes/blueberry-jam/,301,false
https://lenafilatova.co.uk/recipes/recipe.html?r=blueberry-jam,https://lenafilatova.co.uk/recipes/blueberry-jam/,301,false
https://lenafilatova.co.uk/recipes/recipe.html?r=barley-mushroom-perlotto&lang=ua,https://lenafilatova.co.uk/ua/recipes/barley-mushroom-perlotto/,301,false
https://lenafilatova.co.uk/recipes/recipe.html?r=barley-mushroom-perlotto,https://lenafilatova.co.uk/recipes/barley-mushroom-perlotto/,301,false
https://lenafilatova.co.uk/recipes/recipe.html?r=fruit-popsicles&lang=ua,https://lenafilatova.co.uk/ua/recipes/fruit-popsicles/,301,false
https://lenafilatova.co.uk/recipes/recipe.html?r=fruit-popsicles,https://lenafilatova.co.uk/recipes/fruit-popsicles/,301,false
https://lenafilatova.co.uk/recipes/recipe.html?r=blackberry-sorbet&lang=ua,https://lenafilatova.co.uk/ua/recipes/blackberry-sorbet/,301,false
https://lenafilatova.co.uk/recipes/recipe.html?r=blackberry-sorbet,https://lenafilatova.co.uk/recipes/blackberry-sorbet/,301,false
https://lenafilatova.co.uk/recipes/recipe.html?r=zucchini-spaghetti-salmon&lang=ua,https://lenafilatova.co.uk/ua/recipes/zucchini-spaghetti-salmon/,301,false
https://lenafilatova.co.uk/recipes/recipe.html?r=zucchini-spaghetti-salmon,https://lenafilatova.co.uk/recipes/zucchini-spaghetti-salmon/,301,false
https://lenafilatova.co.uk/recipes/recipe.html?r=matcha-latte&lang=ua,https://lenafilatova.co.uk/ua/recipes/matcha-latte/,301,false
https://lenafilatova.co.uk/recipes/recipe.html?r=matcha-latte,https://lenafilatova.co.uk/recipes/matcha-latte/,301,false
https://lenafilatova.co.uk/recipes/recipe.html?r=easter-kulich-yeast-free&lang=ua,https://lenafilatova.co.uk/ua/recipes/easter-kulich-yeast-free/,301,false
https://lenafilatova.co.uk/recipes/recipe.html?r=easter-kulich-yeast-free,https://lenafilatova.co.uk/recipes/easter-kulich-yeast-free/,301,false
https://lenafilatova.co.uk/recipes/recipe.html?r=easter-kulich-coconut-flour&lang=ua,https://lenafilatova.co.uk/ua/recipes/easter-kulich-coconut-flour/,301,false
https://lenafilatova.co.uk/recipes/recipe.html?r=easter-kulich-coconut-flour,https://lenafilatova.co.uk/recipes/easter-kulich-coconut-flour/,301,false
https://lenafilatova.co.uk/recipes/recipe.html?r=carob-chocolates&lang=ua,https://lenafilatova.co.uk/ua/recipes/carob-chocolates/,301,false
https://lenafilatova.co.uk/recipes/recipe.html?r=carob-chocolates,https://lenafilatova.co.uk/recipes/carob-chocolates/,301,false
https://lenafilatova.co.uk/recipes/recipe.html?r=sugar-free-stollen&lang=ua,https://lenafilatova.co.uk/ua/recipes/sugar-free-stollen/,301,false
https://lenafilatova.co.uk/recipes/recipe.html?r=sugar-free-stollen,https://lenafilatova.co.uk/recipes/sugar-free-stollen/,301,false
https://lenafilatova.co.uk/recipes/recipe.html?r=chocolate-brownie-matcha-cream&lang=ua,https://lenafilatova.co.uk/ua/recipes/chocolate-brownie-matcha-cream/,301,false
https://lenafilatova.co.uk/recipes/recipe.html?r=chocolate-brownie-matcha-cream,https://lenafilatova.co.uk/recipes/chocolate-brownie-matcha-cream/,301,false
https://lenafilatova.co.uk/recipes/recipe.html?r=strawberry-breakfast-glass&lang=ua,https://lenafilatova.co.uk/ua/recipes/strawberry-breakfast-glass/,301,false
https://lenafilatova.co.uk/recipes/recipe.html?r=strawberry-breakfast-glass,https://lenafilatova.co.uk/recipes/strawberry-breakfast-glass/,301,false
https://lenafilatova.co.uk/recipes/recipe.html?r=pink-goji-cupcakes&lang=ua,https://lenafilatova.co.uk/ua/recipes/pink-goji-cupcakes/,301,false
https://lenafilatova.co.uk/recipes/recipe.html?r=pink-goji-cupcakes,https://lenafilatova.co.uk/recipes/pink-goji-cupcakes/,301,false
https://lenafilatova.co.uk/recipes/recipe.html?r=strawberry-white-chocolate-tartlets&lang=ua,https://lenafilatova.co.uk/ua/recipes/strawberry-white-chocolate-tartlets/,301,false
https://lenafilatova.co.uk/recipes/recipe.html?r=strawberry-white-chocolate-tartlets,https://lenafilatova.co.uk/recipes/strawberry-white-chocolate-tartlets/,301,false
https://lenafilatova.co.uk/recipes/recipe.html?r=beetroot-heart-cakes&lang=ua,https://lenafilatova.co.uk/ua/recipes/beetroot-heart-cakes/,301,false
https://lenafilatova.co.uk/recipes/recipe.html?r=beetroot-heart-cakes,https://lenafilatova.co.uk/recipes/beetroot-heart-cakes/,301,false
https://lenafilatova.co.uk/recipes/recipe.html?r=raw-new-year-cake&lang=ua,https://lenafilatova.co.uk/ua/recipes/raw-new-year-cake/,301,false
https://lenafilatova.co.uk/recipes/recipe.html?r=raw-new-year-cake,https://lenafilatova.co.uk/recipes/raw-new-year-cake/,301,false
https://lenafilatova.co.uk/recipes/recipe.html?r=maslenitsa-pancakes&lang=ua,https://lenafilatova.co.uk/ua/recipes/maslenitsa-pancakes/,301,false
https://lenafilatova.co.uk/recipes/recipe.html?r=maslenitsa-pancakes,https://lenafilatova.co.uk/recipes/maslenitsa-pancakes/,301,false
https://lenafilatova.co.uk/recipes/recipe.html?r=pear-courgette-salad&lang=ua,https://lenafilatova.co.uk/ua/recipes/pear-courgette-salad/,301,false
https://lenafilatova.co.uk/recipes/recipe.html?r=pear-courgette-salad,https://lenafilatova.co.uk/recipes/pear-courgette-salad/,301,false
https://lenafilatova.co.uk/recipes/recipe.html?r=cherry-cheesecake&lang=ua,https://lenafilatova.co.uk/ua/recipes/strawberry-cheesecake/,301,false
https://lenafilatova.co.uk/recipes/recipe.html?r=cherry-cheesecake,https://lenafilatova.co.uk/recipes/strawberry-cheesecake/,301,false
https://lenafilatova.co.uk/recipes/recipe.html?r=chickpea-olive-avocado-salad&lang=ua,https://lenafilatova.co.uk/ua/recipes/pear-courgette-salad/,301,false
https://lenafilatova.co.uk/recipes/recipe.html?r=chickpea-olive-avocado-salad,https://lenafilatova.co.uk/recipes/pear-courgette-salad/,301,false
https://lenafilatova.co.uk/recipes/recipe.html?r=strawberry-bites&lang=ua,https://lenafilatova.co.uk/ua/recipes/dried-fruit-sweets/,301,false
https://lenafilatova.co.uk/recipes/recipe.html?r=strawberry-bites,https://lenafilatova.co.uk/recipes/dried-fruit-sweets/,301,false
https://lenafilatova.co.uk/recipes/recipe.html?r=peanut-cookies-nobake&lang=ua,https://lenafilatova.co.uk/ua/recipes/almond-pecan-cookies/,301,false
https://lenafilatova.co.uk/recipes/recipe.html?r=peanut-cookies-nobake,https://lenafilatova.co.uk/recipes/almond-pecan-cookies/,301,false
https://lenafilatova.co.uk/recipes/recipe.html?r=banana-ice-cream-pecan&lang=ua,https://lenafilatova.co.uk/ua/recipes/chocolate-ice-cream/,301,false
https://lenafilatova.co.uk/recipes/recipe.html?r=banana-ice-cream-pecan,https://lenafilatova.co.uk/recipes/chocolate-ice-cream/,301,false
https://lenafilatova.co.uk/recipes/recipe.html?r=raw-brownies&lang=ua,https://lenafilatova.co.uk/ua/recipes/chocolate-brownie-matcha-cream/,301,false
https://lenafilatova.co.uk/recipes/recipe.html?r=raw-brownies,https://lenafilatova.co.uk/recipes/chocolate-brownie-matcha-cream/,301,false
https://lenafilatova.co.uk/recipes/recipe.html?r=raw-chocolate-mousse&lang=ua,https://lenafilatova.co.uk/ua/recipes/chocolate-mousse-ice-cream/,301,false
https://lenafilatova.co.uk/recipes/recipe.html?r=raw-chocolate-mousse,https://lenafilatova.co.uk/recipes/chocolate-mousse-ice-cream/,301,false
https://lenafilatova.co.uk/recipes/recipe.html?r=carrot-crisps-honey-yogurt&lang=ua,https://lenafilatova.co.uk/ua/recipes/beetroot-crisps-rosemary/,301,false
https://lenafilatova.co.uk/recipes/recipe.html?r=carrot-crisps-honey-yogurt,https://lenafilatova.co.uk/recipes/beetroot-crisps-rosemary/,301,false
https://lenafilatova.co.uk/recipes/recipe.html?r=pineapple-chips&lang=ua,https://lenafilatova.co.uk/ua/recipes/beetroot-crisps-rosemary/,301,false
https://lenafilatova.co.uk/recipes/recipe.html?r=pineapple-chips,https://lenafilatova.co.uk/recipes/beetroot-crisps-rosemary/,301,false
https://lenafilatova.co.uk/recipes/recipe.html?r=spiced-apple-chips&lang=ua,https://lenafilatova.co.uk/ua/recipes/beetroot-crisps-rosemary/,301,false
https://lenafilatova.co.uk/recipes/recipe.html?r=spiced-apple-chips,https://lenafilatova.co.uk/recipes/beetroot-crisps-rosemary/,301,false
https://lenafilatova.co.uk/recipes/recipe.html?r=tomato-chips&lang=ua,https://lenafilatova.co.uk/ua/recipes/beetroot-crisps-rosemary/,301,false
https://lenafilatova.co.uk/recipes/recipe.html?r=tomato-chips,https://lenafilatova.co.uk/recipes/beetroot-crisps-rosemary/,301,false
https://lenafilatova.co.uk/recipes/recipe.html?r=banana-chips&lang=ua,https://lenafilatova.co.uk/ua/recipes/beetroot-crisps-rosemary/,301,false
https://lenafilatova.co.uk/recipes/recipe.html?r=banana-chips,https://lenafilatova.co.uk/recipes/beetroot-crisps-rosemary/,301,false
https://lenafilatova.co.uk/recipes/recipe.html?r=orange-chocolate-truffles&lang=ua,https://lenafilatova.co.uk/ua/recipes/carob-chocolates/,301,false
https://lenafilatova.co.uk/recipes/recipe.html?r=orange-chocolate-truffles,https://lenafilatova.co.uk/recipes/carob-chocolates/,301,false
https://lenafilatova.co.uk/recipes/recipe.html?r=nut-quinoa-pancakes&lang=ua,https://lenafilatova.co.uk/ua/recipes/oat-pancakes-plums/,301,false
https://lenafilatova.co.uk/recipes/recipe.html?r=nut-quinoa-pancakes,https://lenafilatova.co.uk/recipes/oat-pancakes-plums/,301,false
https://lenafilatova.co.uk/recipes/recipe.html?r=chewy-gummies&lang=ua,https://lenafilatova.co.uk/ua/recipes/dried-fruit-sweets/,301,false
https://lenafilatova.co.uk/recipes/recipe.html?r=chewy-gummies,https://lenafilatova.co.uk/recipes/dried-fruit-sweets/,301,false
https://lenafilatova.co.uk/recipes/recipe.html?r=chocolate-coconut-nests&lang=ua,https://lenafilatova.co.uk/ua/recipes/carob-chocolates/,301,false
https://lenafilatova.co.uk/recipes/recipe.html?r=chocolate-coconut-nests,https://lenafilatova.co.uk/recipes/carob-chocolates/,301,false
https://lenafilatova.co.uk/recipes/recipe.html?r=caramel-apples&lang=ua,https://lenafilatova.co.uk/ua/recipes/apple-pudding-sugar-free/,301,false
https://lenafilatova.co.uk/recipes/recipe.html?r=caramel-apples,https://lenafilatova.co.uk/recipes/apple-pudding-sugar-free/,301,false
https://lenafilatova.co.uk/recipes/recipe.html?r=marshmallow-zefir&lang=ua,https://lenafilatova.co.uk/ua/recipes/dried-fruit-sweets/,301,false
https://lenafilatova.co.uk/recipes/recipe.html?r=marshmallow-zefir,https://lenafilatova.co.uk/recipes/dried-fruit-sweets/,301,false
https://lenafilatova.co.uk/recipes/recipe.html?r=lemon-coconut-balls&lang=ua,https://lenafilatova.co.uk/ua/recipes/dried-fruit-sweets/,301,false
https://lenafilatova.co.uk/recipes/recipe.html?r=lemon-coconut-balls,https://lenafilatova.co.uk/recipes/dried-fruit-sweets/,301,false
https://lenafilatova.co.uk/recipes/recipe.html?r=strawberry-cream-cheesecake&lang=ua,https://lenafilatova.co.uk/ua/recipes/strawberry-cheesecake/,301,false
https://lenafilatova.co.uk/recipes/recipe.html?r=strawberry-cream-cheesecake,https://lenafilatova.co.uk/recipes/strawberry-cheesecake/,301,false
https://lenafilatova.co.uk/recipes/recipe.html?r=strawberry-banana-bake&lang=ua,https://lenafilatova.co.uk/ua/recipes/strawberry-breakfast-glass/,301,false
https://lenafilatova.co.uk/recipes/recipe.html?r=strawberry-banana-bake,https://lenafilatova.co.uk/recipes/strawberry-breakfast-glass/,301,false
https://lenafilatova.co.uk/recipes/recipe.html?r=coconut-chia-pudding-raspberry&lang=ua,https://lenafilatova.co.uk/ua/recipes/strawberry-breakfast-glass/,301,false
https://lenafilatova.co.uk/recipes/recipe.html?r=coconut-chia-pudding-raspberry,https://lenafilatova.co.uk/recipes/strawberry-breakfast-glass/,301,false
https://lenafilatova.co.uk/recipes/recipe.html?r=maple-pumpkin-butter&lang=ua,https://lenafilatova.co.uk/ua/recipes/blueberry-jam/,301,false
https://lenafilatova.co.uk/recipes/recipe.html?r=maple-pumpkin-butter,https://lenafilatova.co.uk/recipes/blueberry-jam/,301,false
https://lenafilatova.co.uk/recipes/recipe.html?r=pumpkin-hummus&lang=ua,https://lenafilatova.co.uk/ua/recipes/beetroot-crisps-rosemary/,301,false
https://lenafilatova.co.uk/recipes/recipe.html?r=pumpkin-hummus,https://lenafilatova.co.uk/recipes/beetroot-crisps-rosemary/,301,false
https://lenafilatova.co.uk/recipes/recipe.html?r=pumpkin-ice-cream&lang=ua,https://lenafilatova.co.uk/ua/recipes/pumpkin-panna-cotta/,301,false
https://lenafilatova.co.uk/recipes/recipe.html?r=pumpkin-ice-cream,https://lenafilatova.co.uk/recipes/pumpkin-panna-cotta/,301,false
https://lenafilatova.co.uk/recipes/recipe.html?r=pumpkin-yogurt&lang=ua,https://lenafilatova.co.uk/ua/recipes/pumpkin-oat-pancakes-chocolate/,301,false
https://lenafilatova.co.uk/recipes/recipe.html?r=pumpkin-yogurt,https://lenafilatova.co.uk/recipes/pumpkin-oat-pancakes-chocolate/,301,false
https://lenafilatova.co.uk/recipes/recipe.html?r=pumpkin-puree&lang=ua,https://lenafilatova.co.uk/ua/recipes/pumpkin-bread/,301,false
https://lenafilatova.co.uk/recipes/recipe.html?r=pumpkin-puree,https://lenafilatova.co.uk/recipes/pumpkin-bread/,301,false
https://lenafilatova.co.uk/recipes/recipe.html?r=granola-bars-blueberry&lang=ua,https://lenafilatova.co.uk/ua/recipes/dried-fruit-sweets/,301,false
https://lenafilatova.co.uk/recipes/recipe.html?r=granola-bars-blueberry,https://lenafilatova.co.uk/recipes/dried-fruit-sweets/,301,false
https://lenafilatova.co.uk/recipes/recipe.html?r=granola-bars-date-coconut&lang=ua,https://lenafilatova.co.uk/ua/recipes/dried-fruit-sweets/,301,false
https://lenafilatova.co.uk/recipes/recipe.html?r=granola-bars-date-coconut,https://lenafilatova.co.uk/recipes/dried-fruit-sweets/,301,false
https://lenafilatova.co.uk/recipes/recipe.html?r=granola-bars-5-ingredient&lang=ua,https://lenafilatova.co.uk/ua/recipes/dried-fruit-sweets/,301,false
https://lenafilatova.co.uk/recipes/recipe.html?r=granola-bars-5-ingredient,https://lenafilatova.co.uk/recipes/dried-fruit-sweets/,301,false
https://lenafilatova.co.uk/recipes/recipe.html?r=granola-bars-chocolate-chia&lang=ua,https://lenafilatova.co.uk/ua/recipes/dried-fruit-sweets/,301,false
https://lenafilatova.co.uk/recipes/recipe.html?r=granola-bars-chocolate-chia,https://lenafilatova.co.uk/recipes/dried-fruit-sweets/,301,false
https://lenafilatova.co.uk/recipes/recipe.html?r=granola-bars-homemade&lang=ua,https://lenafilatova.co.uk/ua/recipes/dried-fruit-sweets/,301,false
https://lenafilatova.co.uk/recipes/recipe.html?r=granola-bars-homemade,https://lenafilatova.co.uk/recipes/dried-fruit-sweets/,301,false
https://lenafilatova.co.uk/recipes/recipe.html?r=granola-bars-peanut-butter&lang=ua,https://lenafilatova.co.uk/ua/recipes/dried-fruit-sweets/,301,false
https://lenafilatova.co.uk/recipes/recipe.html?r=granola-bars-peanut-butter,https://lenafilatova.co.uk/recipes/dried-fruit-sweets/,301,false
https://lenafilatova.co.uk/recipes/recipe.html?r=ginger-cookies-almond-flour&lang=ua,https://lenafilatova.co.uk/ua/recipes/gingerbread-cookies/,301,false
https://lenafilatova.co.uk/recipes/recipe.html?r=ginger-cookies-almond-flour,https://lenafilatova.co.uk/recipes/gingerbread-cookies/,301,false
https://lenafilatova.co.uk/recipes/recipe.html?r=coconut-balls&lang=ua,https://lenafilatova.co.uk/ua/recipes/dried-fruit-sweets/,301,false
https://lenafilatova.co.uk/recipes/recipe.html?r=coconut-balls,https://lenafilatova.co.uk/recipes/dried-fruit-sweets/,301,false
https://lenafilatova.co.uk/recipes/recipe.html?r=spiced-raisin-cookies&lang=ua,https://lenafilatova.co.uk/ua/recipes/oat-cookies-coconut-sugar/,301,false
https://lenafilatova.co.uk/recipes/recipe.html?r=spiced-raisin-cookies,https://lenafilatova.co.uk/recipes/oat-cookies-coconut-sugar/,301,false
https://lenafilatova.co.uk/recipes/recipe.html?r=almond-cranberry-cookies&lang=ua,https://lenafilatova.co.uk/ua/recipes/almond-pecan-cookies/,301,false
https://lenafilatova.co.uk/recipes/recipe.html?r=almond-cranberry-cookies,https://lenafilatova.co.uk/recipes/almond-pecan-cookies/,301,false
https://lenafilatova.co.uk/recipes/recipe.html?r=tiramisu-cookies&lang=ua,https://lenafilatova.co.uk/ua/recipes/coffee-chocolate-cheesecake/,301,false
https://lenafilatova.co.uk/recipes/recipe.html?r=tiramisu-cookies,https://lenafilatova.co.uk/recipes/coffee-chocolate-cheesecake/,301,false
https://lenafilatova.co.uk/recipes/recipe.html?r=carrot-muffins&lang=ua,https://lenafilatova.co.uk/ua/recipes/pumpkin-muffins-halloween/,301,false
https://lenafilatova.co.uk/recipes/recipe.html?r=carrot-muffins,https://lenafilatova.co.uk/recipes/pumpkin-muffins-halloween/,301,false
https://lenafilatova.co.uk/recipes/recipe.html?r=valentine-love-salad&lang=ua,https://lenafilatova.co.uk/ua/recipes/pear-courgette-salad/,301,false
https://lenafilatova.co.uk/recipes/recipe.html?r=valentine-love-salad,https://lenafilatova.co.uk/recipes/pear-courgette-salad/,301,false
https://lenafilatova.co.uk/recipes/recipe.html?r=shrimp-heart-appetizer&lang=ua,https://lenafilatova.co.uk/ua/recipes/baked-fish-veg-herbs/,301,false
https://lenafilatova.co.uk/recipes/recipe.html?r=shrimp-heart-appetizer,https://lenafilatova.co.uk/recipes/baked-fish-veg-herbs/,301,false
https://lenafilatova.co.uk/recipes/recipe.html?r=caprese-valentine-salad&lang=ua,https://lenafilatova.co.uk/ua/recipes/pear-courgette-salad/,301,false
https://lenafilatova.co.uk/recipes/recipe.html?r=caprese-valentine-salad,https://lenafilatova.co.uk/recipes/pear-courgette-salad/,301,false
https://lenafilatova.co.uk/recipes/recipe.html?r=valentine-heart-cookies&lang=ua,https://lenafilatova.co.uk/ua/recipes/beetroot-heart-cakes/,301,false
https://lenafilatova.co.uk/recipes/recipe.html?r=valentine-heart-cookies,https://lenafilatova.co.uk/recipes/beetroot-heart-cakes/,301,false
https://lenafilatova.co.uk/recipes/recipe.html?r=frozen-strawberry-yogurt&lang=ua,https://lenafilatova.co.uk/ua/recipes/fruit-popsicles/,301,false
https://lenafilatova.co.uk/recipes/recipe.html?r=frozen-strawberry-yogurt,https://lenafilatova.co.uk/recipes/fruit-popsicles/,301,false
https://lenafilatova.co.uk/recipes/recipe.html?r=chocolate-avocado-pudding&lang=ua,https://lenafilatova.co.uk/ua/recipes/chocolate-ginger-cake-avocado-cream/,301,false
https://lenafilatova.co.uk/recipes/recipe.html?r=chocolate-avocado-pudding,https://lenafilatova.co.uk/recipes/chocolate-ginger-cake-avocado-cream/,301,false
https://lenafilatova.co.uk/recipes/recipe.html?r=beef-balsamic-tomatoes&lang=ua,https://lenafilatova.co.uk/ua/recipes/beef-skewers-wine-sauce/,301,false
https://lenafilatova.co.uk/recipes/recipe.html?r=beef-balsamic-tomatoes,https://lenafilatova.co.uk/recipes/beef-skewers-wine-sauce/,301,false
https://lenafilatova.co.uk/recipes/recipe.html?r=garlic-lemon-shrimp&lang=ua,https://lenafilatova.co.uk/ua/recipes/baked-fish-veg-herbs/,301,false
https://lenafilatova.co.uk/recipes/recipe.html?r=garlic-lemon-shrimp,https://lenafilatova.co.uk/recipes/baked-fish-veg-herbs/,301,false
https://lenafilatova.co.uk/recipes/recipe.html?r=salmon-asparagus-foil&lang=ua,https://lenafilatova.co.uk/ua/recipes/zucchini-spaghetti-salmon/,301,false
https://lenafilatova.co.uk/recipes/recipe.html?r=salmon-asparagus-foil,https://lenafilatova.co.uk/recipes/zucchini-spaghetti-salmon/,301,false
https://lenafilatova.co.uk/recipes/recipe.html?r=turmeric-latte&lang=ua,https://lenafilatova.co.uk/ua/recipes/matcha-latte/,301,false
https://lenafilatova.co.uk/recipes/recipe.html?r=turmeric-latte,https://lenafilatova.co.uk/recipes/matcha-latte/,301,false
https://lenafilatova.co.uk/recipes/recipe.html?r=masala-chai-latte&lang=ua,https://lenafilatova.co.uk/ua/recipes/matcha-latte/,301,false
https://lenafilatova.co.uk/recipes/recipe.html?r=masala-chai-latte,https://lenafilatova.co.uk/recipes/matcha-latte/,301,false
https://lenafilatova.co.uk/recipes/recipe.html?r=yerba-mate&lang=ua,https://lenafilatova.co.uk/ua/recipes/matcha-latte/,301,false
https://lenafilatova.co.uk/recipes/recipe.html?r=yerba-mate,https://lenafilatova.co.uk/recipes/matcha-latte/,301,false
https://lenafilatova.co.uk/recipes/recipe.html?r=london-fog&lang=ua,https://lenafilatova.co.uk/ua/recipes/matcha-latte/,301,false
https://lenafilatova.co.uk/recipes/recipe.html?r=london-fog,https://lenafilatova.co.uk/recipes/matcha-latte/,301,false
https://lenafilatova.co.uk/recipes/recipe.html?r=ginger-milk-cocktail&lang=ua,https://lenafilatova.co.uk/ua/recipes/matcha-latte/,301,false
https://lenafilatova.co.uk/recipes/recipe.html?r=ginger-milk-cocktail,https://lenafilatova.co.uk/recipes/matcha-latte/,301,false
https://lenafilatova.co.uk/recipes/recipe.html?r=cacao-latte&lang=ua,https://lenafilatova.co.uk/ua/recipes/matcha-latte/,301,false
https://lenafilatova.co.uk/recipes/recipe.html?r=cacao-latte,https://lenafilatova.co.uk/recipes/matcha-latte/,301,false
https://lenafilatova.co.uk/recipes/recipe.html?r=smoothie-popsicles-chia&lang=ua,https://lenafilatova.co.uk/ua/recipes/fruit-popsicles/,301,false
https://lenafilatova.co.uk/recipes/recipe.html?r=smoothie-popsicles-chia,https://lenafilatova.co.uk/recipes/fruit-popsicles/,301,false
https://lenafilatova.co.uk/recipes/recipe.html?r=lime-cheesecake&lang=ua,https://lenafilatova.co.uk/ua/recipes/lime-almond-dessert/,301,false
https://lenafilatova.co.uk/recipes/recipe.html?r=lime-cheesecake,https://lenafilatova.co.uk/recipes/lime-almond-dessert/,301,false
https://lenafilatova.co.uk/recipes/recipe.html?r=fig-tart&lang=ua,https://lenafilatova.co.uk/ua/recipes/strawberry-white-chocolate-tartlets/,301,false
https://lenafilatova.co.uk/recipes/recipe.html?r=fig-tart,https://lenafilatova.co.uk/recipes/strawberry-white-chocolate-tartlets/,301,false
https://lenafilatova.co.uk/recipes/recipe.html?r=avocado-coconut-ice-cream&lang=ua,https://lenafilatova.co.uk/ua/recipes/avocado-ice-cream/,301,false
https://lenafilatova.co.uk/recipes/recipe.html?r=avocado-coconut-ice-cream,https://lenafilatova.co.uk/recipes/avocado-ice-cream/,301,false
https://lenafilatova.co.uk/recipes/recipe.html?r=pineapple-citrus-sorbet&lang=ua,https://lenafilatova.co.uk/ua/recipes/blackberry-sorbet/,301,false
https://lenafilatova.co.uk/recipes/recipe.html?r=pineapple-citrus-sorbet,https://lenafilatova.co.uk/recipes/blackberry-sorbet/,301,false
https://lenafilatova.co.uk/recipes/recipe.html?r=yogurt-chia-pudding&lang=ua,https://lenafilatova.co.uk/ua/recipes/strawberry-breakfast-glass/,301,false
https://lenafilatova.co.uk/recipes/recipe.html?r=yogurt-chia-pudding,https://lenafilatova.co.uk/recipes/strawberry-breakfast-glass/,301,false
https://lenafilatova.co.uk/recipes/recipe.html?r=shrimp-tartlets&lang=ua,https://lenafilatova.co.uk/ua/recipes/mushroom-potato-tartlets/,301,false
https://lenafilatova.co.uk/recipes/recipe.html?r=shrimp-tartlets,https://lenafilatova.co.uk/recipes/mushroom-potato-tartlets/,301,false
https://lenafilatova.co.uk/recipes/recipe.html?r=fish-stew-wine-veg&lang=ua,https://lenafilatova.co.uk/ua/recipes/baked-fish-veg-herbs/,301,false
https://lenafilatova.co.uk/recipes/recipe.html?r=fish-stew-wine-veg,https://lenafilatova.co.uk/recipes/baked-fish-veg-herbs/,301,false
https://lenafilatova.co.uk/recipes/recipe.html?r=cabbage-cranberry-salad&lang=ua,https://lenafilatova.co.uk/ua/recipes/pear-courgette-salad/,301,false
https://lenafilatova.co.uk/recipes/recipe.html?r=cabbage-cranberry-salad,https://lenafilatova.co.uk/recipes/pear-courgette-salad/,301,false
https://lenafilatova.co.uk/recipes/recipe.html?r=salmon-tartlets&lang=ua,https://lenafilatova.co.uk/ua/recipes/mushroom-potato-tartlets/,301,false
https://lenafilatova.co.uk/recipes/recipe.html?r=salmon-tartlets,https://lenafilatova.co.uk/recipes/mushroom-potato-tartlets/,301,false
